{
    "total": {
        "mean": 10.351016478538513,
        "median": 3.370234489440918,
        "std_dev": 11.464591482712036,
        "min": 0.7710702419281006,
        "max": 62.70418882369995
    },
    "components": {
        "chatgpt": 1.3381429481506348,
        "shodan": 2.2159613227844237,
        "solution": 6.796908731460571
    }
}